Name,Type,Suburb/Area,Latitude (S),Longitude (E)
Barter & Sons Hatchery,Poultry Farm,"35 Felton St, Horsley Park NSW 2175, Australia",-33.8436841,150.8525872
Farmers Best PTY Ltd.,Poultry Farm,"66 Epsom Rd, Zetland NSW 2017, Australia",-33.910361699999996,151.20521739999998
Cordina Chicken Farms Hatchery,Poultry Farm,"30 Cumberland Rd, Greystanes NSW 2145, Australia",-33.831392199999996,150.948193
Sunshine Poultry,Poultry Farm,"229 Concord Rd, North Strathfield NSW 2137, Australia",-33.856103,151.0916926
Sam's Chickens,Poultry Farm,"95 Lakemba St, Belmore NSW 2192, Australia",-33.9151106,151.0826352
Nancy's Freedom Farm,Poultry Farm,"97 Arcadia Rd, Arcadia NSW 2159, Australia",-33.62496,151.039613
NSW Chicken Meat Council,Poultry Farm,"122 Walker St, North Sydney NSW 2060, Australia",-33.83755,151.20882899999998
Fresh Poultry,Poultry Farm,"47 Gow St, Padstow NSW 2211, Australia",-33.9377146,151.0352059
Game Farm Pty Ltd,Poultry Farm,"Unit 5 A/1-21 Madeline St, Strathfield South NSW 2136, Australia",-33.8963961,151.0762878
Penrith Poultry,Poultry Farm,"Unit 10/29 Stoddart Rd, Prospect NSW 2148, Australia",-33.800941,150.917281
The Big Chook,Poultry Farm,"350 Mount Vernon Rd, Mount Vernon NSW 2178, Australia",-33.878013599999996,150.8066101
Summerland Poultry Factory Outlet,Poultry Farm,"63 Withers Rd, North Kellyville NSW 2155, Australia",-33.6869248,150.9462309
"Laymour Poultry Farm, Stockfeed & Birdseed",Poultry Farm,"472 Windsor Rd, Vineyard NSW 2765, Australia",-33.6418038,150.85361039999998
Pioneer Poultry,Poultry Farm,"124 Pacific Hwy, Waitara NSW 2077, Australia",-33.7093251,151.1018616
KB Farm Chickens,Poultry Farm,"Unit 6/49A Anderson Rd, Mortdale NSW 2223, Australia",-33.967863,151.06597499999998
Country chicken,Poultry Farm,"125b Whitaker Rd, Rossmore NSW 2557, Australia",-33.9302438,150.77414199999998
Evans Chickens,Poultry Farm,"173 Whitmore Rd, Maraylya NSW 2765, Australia",-33.5833681,150.9067814
Cordina Chicken Farms Pty Ltd,Poultry Farm,"104 Magowar Rd, Girraween NSW 2145, Australia",-33.801787399999995,150.94304169999998
Stipes Chooks,Poultry Farm,"Kells Rd, Ryde NSW 2112, Australia",-33.8108072,151.1157633
Fairglen Farms,Poultry Farm,"2 Bulletin Pl, Sydney NSW 2000, Australia",-33.8625089,151.2098859
M&M Poultry,Poultry Farm,"14/16 Kelly St, Austral NSW 2179, Australia",-33.9319225,150.795852
Myella Chickens,Poultry Farm,"2-4 Nelson Rd, Yennora NSW 2161, Australia",-33.8647956,150.96955499999999
The Free Ranger Pty Limited,Poultry Farm,"1 Julius Ave, North Ryde NSW 2113, Australia",-33.796113999999996,151.1433236
M & J Chickens,Poultry Farm,"28-32 Sloane St, Marrickville NSW 2204, Australia",-33.911026,151.16683899999998
Issa’s Chicken Farm,Poultry Farm,"467 King St, Newtown NSW 2042, Australia",-33.9016759,151.1787012
Aurum Poultry Co.,Poultry Farm,"5/274-276 Hoxton Park Rd, Prestons NSW 2170, Australia",-33.9288257,150.8903013
Llandilo Farm Fresh Eggs,Poultry Farm,"360 Ninth Ave, Llandilo NSW 2747, Australia",-33.7125388,150.73648699999998
Game Farm Pty Ltd,Poultry Farm,"51 Crosslands, Galston NSW 2159, Australia",-33.6483899,151.07755029999998
Farmer Joe's Chickens,Poultry Farm,"685 Gardeners Rd, Mascot NSW 2020, Australia",-33.9198418,151.1833922
Supreme Poultry & Chickens,Poultry Farm,"2598 Wisemans Ferry Rd, Mangrove Mountain NSW 2250, Australia",-33.311860100000004,151.17988649999998
Aurum Poultry Co. - NSW,Poultry Farm,"32 Bolivia St, Cabramatta NSW 2166, Australia",-33.89805,150.932962
Joe's Ducks and Chickens,Poultry Farm,"195 Lawson Rd, Badgerys Creek NSW 2555, Australia",-33.886435899999995,150.755471
Poultry Processors,Poultry Farm,"108 Deepfields Rd, Catherine Field NSW 2557, Australia",-33.991091,150.774809
Chick Hen Eggs,Poultry Farm,"1 Enterprise Dr, Fountaindale NSW 2258, Australia",-33.3302969,151.4054371
B T Chicken PL,Poultry Farm,"5/3 Box Rd, Caringbah NSW 2229, Australia",-34.024201399999995,151.1250427
Libby’s Heritage Chickens,Poultry Farm,"55 Pheasants Nest Rd, Pheasants Nest NSW 2574, Australia",-34.251713099999996,150.6153671
Poultry Care Australia Pty Ltd,Poultry Farm,"17 Orient Rd, Greendale NSW 2745, Australia",-33.9450167,150.6444364
The Chicken Tractor,Poultry Farm,"3/19 Narabang Way, Belrose NSW 2086, Australia",-33.707015999999996,151.2129802
Alstonville Poultry Farm,Poultry Farm,"131 Tuckombil Ln, Alstonville NSW 2477, Australia",-28.826694099999997,153.48437909999998
Central West Poultry,Poultry Farm,"116 Yungundi Rd, Collie NSW 2827, Australia",-31.825777,148.396246
Enfield Produce: Pet & Garden Supplies,Poultry Farm,"56 Coronation Parade, Enfield NSW 2136, Australia",-33.890238100000005,151.0913448
Inghams,Poultry Farm,"345 Appin Rd, Appin NSW 2560, Australia",-34.178216,150.784154
Cn Poultry Castle Hill,Poultry Farm,"2/16 Terminus St, Castle Hill NSW 2154, Australia",-33.7331603,151.006011
CR & M Ash & Sons,Poultry Farm,"1541 Elizabeth Dr, Kemps Creek NSW 2178, Australia",-33.8709779,150.7792164
Quack-or-Two Duck Farm,Poultry Farm,"81 Government Rd, Berkshire Park NSW 2765, Australia",-33.68135,150.782173
Tinder Creek Ducks,Poultry Farm,"421 Tennyson Rd, Tennyson NSW 2754, Australia",-33.524519,150.74997600000003
Supreme Poultry,Poultry Farm,"62 S Creek Rd, Shanes Park NSW 2747, Australia",-33.7128618,150.7716127
Hurstville Chicken Barn,Poultry Farm,"Shop16/225H Forest Rd, Hurstville NSW 2220, Australia",-33.967310999999995,151.1021884
Aurum Poultry Co.,Poultry Farm,"18 Carrington Dr, Albion VIC 3020, Australia",-37.7712674,144.8104409
Star Poultry,Poultry Farm,"82-86 Kirkham Rd W, Keysborough VIC 3173, Australia",-37.9965238,145.1889525
Research Poultry Farm & Hatchery,Poultry Farm,"290 Allendale Rd, Research VIC 3095, Australia",-37.692890299999995,145.19183769999998
Wagners Poultry Farm,Poultry Farm,"31 Killara Rd, Coldstream VIC 3770, Australia",-37.723724,145.394611
Tamarix Poultry Farm,Poultry Farm,"388/404 Frankston - Dandenong Rd, Bangholme VIC 3175, Australia",-38.040901,145.209737
Casaccio Egg Farm,Poultry Farm,"170-198 Bulban Rd, Werribee VIC 3030, Australia",-37.9114777,144.62744189999998
Belleview Farm,Poultry Farm,"19 Stintons Rd, Park Orchards VIC 3114, Australia",-37.7718456,145.2027426
Specialised Breeders Australia,Poultry Farm,"1555 Midland Hwy, Bagshot VIC 3551, Australia",-36.648210399999996,144.3639039
Pirlac Poultry Farm,Poultry Farm,"1650 Barwon Park Rd, Inverleigh VIC 3321, Australia",-38.1240442,144.0053854
Valley Park Farm,Poultry Farm,"350 Hume and Hovell Rd, Seymour VIC 3660, Australia",-37.06642,145.143696
Abundant Layers,Poultry Farm,"3 Latta Rd, Nar Nar Goon VIC 3812, Australia",-38.08806,145.56424099999998
Dheavii Farms,Poultry Farm,"2493 Traralgon-Maffra Rd, Cowwarr VIC 3857, Australia",-38.017967899999995,146.6705392
Mirboo Pastured Poultry,Poultry Farm,"630 Nicholls Rd, Mirboo North VIC 3871, Australia",-38.434985399999995,146.1655868
Yarra Valley Poultry & Produce,Poultry Farm,"61/67 Beard St, Eltham VIC 3095, Australia",-37.7046044,145.1601511
Ballarat Chooks,Poultry Farm,"483 Jones Rd, Waterloo VIC 3373, Australia",-37.366869,143.47008
Northern Poultry & Meat Supplies,Poultry Farm,"64-66 Chifley Dr, Preston VIC 3072, Australia",-37.7507318,145.03001229999998
AkersFlock,Poultry Farm,"435 Victoria Roa, Tallygaroopna VIC 3634, Australia",-36.23278,145.4786471
The HomeGrown Farm,Poultry Farm,"144 Gardiners Rd, Catani VIC 3981, Australia",-38.198770499999995,145.67574910000002
Bollus Farm,Poultry Farm,"505 Frankston - Dandenong Rd, Lyndhurst VIC 3975, Australia",-38.070577899999996,145.1966919
The Feathered Family,Poultry Farm,"4 Fletcher Rd, Cranbourne South VIC 3977, Australia",-38.1525631,145.26882759999998
YAN YEAN POULTRY,Poultry Farm,"500 Yan Yean Rd, Yarrambat VIC 3091, Australia",-37.6450546,145.1315079
Hazeldene's Chicken,Poultry Farm,"74 Hazeldenes Rd, Lockwood VIC 3551, Australia",-36.795578299999995,144.1623174
Geelong Poultry,Poultry Farm,"18 Seaside Parade, North Shore VIC 3214, Australia",-38.0982578,144.3685424
Barnawartha Poultry,Poultry Farm,"644 Chiltern-Barnawartha Rd, Barnawartha VIC 3688, Australia",-36.118052,146.654506
Old Port Poultry Farm,Poultry Farm,"Old Port Rd, Alberton VIC 3971, Australia",-38.6454129,146.6617678
Flying Poultry,Poultry Farm,"Unit 4/3a Newlands Rd, Reservoir VIC 3073, Australia",-37.7165527,144.98176569999998
Cranhaven Poultry Farm,Poultry Farm,"Cranhaven Rd & John St, Langwarrin VIC 3910, Australia",-38.1592066,145.1833821
Casaccio Egg Farm in Terang,Poultry Farm,"80 Keilambete Rd, Terang VIC 3264, Australia",-38.2292911,142.885193
Clayton Egg Farm Pty. Ltd.,Poultry Farm,"693 Clayton Rd, Clayton South VIC 3169, Australia",-37.9535958,145.1135964
Freeranger Eggs,Poultry Farm,"245 Stanley Rd, Grantville VIC 3984, Australia",-38.4357776,145.5419459
Turosi farms pakenham,Poultry Farm,"Princes Fwy, Pakenham VIC 3810, Australia",-38.0927821,145.46458049999998
Kinross Farm Pty Ltd,Poultry Farm,"246 Drysdale Rd, Euroa VIC 3666, Australia",-36.7524128,145.5319884
Green Village Poultry,Poultry Farm,"160 Walker St, Dandenong VIC 3175, Australia",-37.9868653,145.2185545
World of bantams,Poultry Farm,"Gembrook VIC 3783, Australia",-37.9542158,145.55397639999998
KWR POULTRY,Poultry Farm,"390 Koo Wee Rup Rd, Koo Wee Rup VIC 3981, Australia",-38.1621953,145.4840532
Preston Free Range Poultry & Game,Poultry Farm,"2a/ 30 The Centreway Shop W180 Preston Market, Preston VIC 3072, Australia",-37.7389349,145.0014143
Gippy's Poultry,Poultry Farm,"47 Colquhoun Blvd, Warragul VIC 3820, Australia",-38.1676879,145.9127756
Wild Hen Farm,Poultry Farm,"2863 Whittlesea-Yea Rd, Flowerdale VIC 3717, Australia",-37.3575795,145.2841019
Chooks At The Rooke,Poultry Farm,"425 Corangamite Lake Rd, Cororooke VIC 3254, Australia",-38.2978938,143.5231939
Hollyburton Farm- Farm Gate Shop,Poultry Farm,"1677 Melbourne-Lancefield Rd, Clarkefield VIC 3430, Australia",-37.449590199999996,144.7434723
Heritage Poultry,Poultry Farm,"175A Hawkesbury Rd, Moggill QLD 4070, Australia",-27.5722694,152.8583783
ELGIN VALLEY FARMS,Poultry Farm,"1483 Mount Cotton Rd, Mount Cotton QLD 4165, Australia",-27.630654999999997,153.23469699999998
Nerang Park Poultry,Poultry Farm,"45 Gilston Rd, Nerang QLD 4211, Australia",-28.0013148,153.3353733
Mountain View Poultry,Poultry Farm,"52 Male Rd, Beerburrum QLD 4517, Australia",-26.974878900000004,152.9642509
Santrev Pty Ltd,Poultry Farm,"Level 1/915 Ipswich Rd, Moorooka QLD 4105, Australia",-27.526885,153.020571
Carr Farming,Poultry Farm,"146 Wickham Rd, Elbow Valley QLD 4370, Australia",-28.3574067,152.1405297
Moya Valley Poultry,Poultry Farm,"3525 Mary Valley Rd, Imbil QLD 4570, Australia",-26.469684899999997,152.69970659999998
9Dorf Farms,Poultry Farm,"542 Flagstone Crk Rd, Lilydale QLD 4344, Australia",-27.605926699999998,152.1327959
Faye Mcmeeken,Poultry Farm,"5/9 Stark Ln, Forest Glen QLD 4556, Australia",-26.673168,153.0027989
Baiada Poultry,Poultry Farm,"123 Toongarra Rd, Wulkuraka QLD 4305, Australia",-27.6146218,152.7233766
Joalma Poultry Farm,Poultry Farm,"34 Mount Peter Rd, Edmonton QLD 4869, Australia",-17.021957699999998,145.7401327
Bendele Organic Poultry Farm,Poultry Farm,"472 Bular Rd, Kilkivan QLD 4600, Australia",-26.072024,152.3043131
Mayers Well Poultry,Poultry Farm,"233 Jansens Rd, Mount Ossa QLD 4741, Australia",-20.8996256,148.8762337
Sumner Park Poultry,Poultry Farm,"9/101 Jijaws St, sumner Park QLD 4074, Australia",-27.561242999999997,152.936135
Green Mums Perma-Poultry,Poultry Farm,"Beerburrum School of Arts, Hall Beerburrum, 7 Anzac Ave, Beerburrum QLD 4517, Australia",-26.959352499999998,152.95725539999998
Just Got Laid Poultry Supplies,Poultry Farm,"Via Marwood Road, 480 Mezzens Rd, Sunnyside QLD 4737, Australia",-21.340564999999998,149.12459049999998
Hectic Valley Farm,Poultry Farm,"50 Springmount Rd, Mutchilba QLD 4872, Australia",-17.1299284,145.26297789999998
Abd Poultry Pty Ltd,Poultry Farm,"24 Londor Cl, Hemmant QLD 4174, Australia",-27.44277,153.12885699999998
Woodlands Broiler Farm 16,Poultry Farm,"Williams Rd, Elimbah QLD 4516, Australia",-26.9932764,152.9078221
Grandchester Heritage Chickens,Poultry Farm,"256 Bakers Rd, Grandchester QLD 4340, Australia",-27.6947077,152.4526138
Westwood's Poultry Farm,Poultry Farm,"174 Rolley Rd, Wondecla QLD 4887, Australia",-17.4104329,145.4075847
M & J Chickens,Poultry Farm,"83 Riverside Pl, Morningside QLD 4170, Australia",-27.4509592,153.0800306
Hen Haus Queensland,Poultry Farm,"13 Rees Ln, Reesville QLD 4552, Australia",-26.7707782,152.7908953
Free Range Pasture-Raised Chickens,Poultry Farm,"74-82 Moody Rd, Greenbank QLD 4124, Australia",-27.7009406,153.0051533
Pleystowe Poultry,Poultry Farm,"320 Pleystowe School Rd, Pleystowe QLD 4741, Australia",-21.1645039,149.014474
Woodlands Broiler Farm 7,Poultry Farm,"Beerwah QLD 4519, Australia",-26.851297,152.94211149999998
Darling Downs hatchery,Poultry Farm,"1106 Ipswich Boonah Rd, Peak Crossing QLD 4306, Australia",-27.759793,152.7397891
Rising Sun Farm,Poultry Farm,"833 Springdale Rd, Nundubbermere QLD 4380, Australia",-28.697227299999998,151.7122517
Inglewood Organic,Poultry Farm,"486 Tobacco Rd, Inglewood QLD 4387, Australia",-28.4398713,151.1222659
Tallaringa Farm,Poultry Farm,"Tallaringa Dr, Adare QLD 4343, Australia",-27.5042726,152.3161816
Dingo Lane Farms,Poultry Farm,"266 Dingo Ln, Myocum NSW 2481, Australia",-28.597914099999997,153.47611179999998
Debra's Chicken Haven,Poultry Farm,"Daisy Rd, Mount Tarampa QLD 4311, Australia",-27.4604206,152.48851349999998
Top Of The Range Eggs,Poultry Farm,"218 Heinemann Rd, Redland Bay QLD 4165, Australia",-27.620747899999998,153.26161439999998
Marea's Happy Hens,Poultry Farm,"15150 Middle Rd, St George QLD 4487, Australia",-27.814798699999997,147.9337248
The Chicken Lady - Helen's Happy Hens,Poultry Farm,"202 Bruce Highway, Betta Produce Burpengary, Bruce Hwy Eastern Service Rd, Burpengary QLD 4505, Australia",-27.161911000000003,152.9832036
Toowoomba poultry,Poultry Farm,"840 Greenwattle St, Harristown QLD 4350, Australia",-27.582147499999998,151.9131469
D.A Hall Egg processing,Poultry Farm,"A39, Millmerran QLD 4357, Australia",-27.853349299999998,151.32762739999998
Crooked Chook,Poultry Farm,"33 Minehan La, Mount Surround QLD 4809, Australia",-19.5163019,147.0886587
Ayton Farmstay,Poultry Farm,"1 Johnson Rd, Rathdowney QLD 4287, Australia",-28.174355100000003,152.76352359999998
Woodlands Broiler Farm 12,Poultry Farm,"Red Rd, Beerburrum QLD 4517, Australia",-26.9591706,152.990756
Inghams Hatchery,Poultry Farm,"113 Dwyer Ridges Rd, Mount Alford QLD 4310, Australia",-28.0798736,152.5872699
Heritage Poultry,Poultry Farm,"57 Kalbar Peak Crossing Rd, Harrisville QLD 4307, Australia",-27.8165849,152.68499649999998
Berong Poultry Farms,Poultry Farm,"2210 Coraki-Ellangowan Rd, Ellangowan NSW 2470, Australia",-29.0207723,153.0832375
Hillier Poultry,Poultry Farm,"10 Murray Hillier Ct, Hillier SA 5116, Australia",-34.617635299999996,138.7256351
Suncoast Chicken Hatchery,Poultry Farm,"320 Fig Tree Ln, McKees Hill NSW 2480, Australia",-28.873068,153.1819208
Pip & Grow,Poultry Farm,"107 Princes Hwy, Littlehampton SA 5250, Australia",-35.0468681,138.86935169999998
Southern Cross Farms Australia Pty Ltd,Poultry Farm,"85 Wandel Rd, Owen SA 5460, Australia",-34.228991,138.524947
Adelaide Poultry,Poultry Farm,"20-22 Moss Rd, Wingfield SA 5013, Australia",-34.8415287,138.5800064
Gourmet Poultry Service,Poultry Farm,"14 Newcastle Cres, Cavan SA 5094, Australia",-34.824664,138.59687119999998
Hi-Chick,Poultry Farm,"Unnamed Road, Bethel SA 5373, Australia",-34.3279625,138.82192220000002
Azemi One Chicken Farm,Poultry Farm,"lot 5550, LOT 3 Copper Coast Hwy, Port Wakefield SA 5550, Australia",-34.1330947,138.14516799999998
Glenview Poultry Farm,Poultry Farm,"804 Stanitzki Rd, Pike River SA 5340, Australia",-34.2699937,140.7645166
Wasleys Chicken Farm,Poultry Farm,"lot 5371, LOT 184 Ashwell Rd, Templers SA 5371, Australia",-34.4879429,138.7371691
Southern Poultry,Poultry Farm,"271 Burdett Rd, Sunnyside SA 5253, Australia",-35.055673999999996,139.3698861
Takhar Two Poultry Farm,Poultry Farm,"lot, LOT 731 Ward Belt Rd, Ward Belt SA 5118, Australia",-34.592161,138.70125199999998
Tripodi Poultry,Poultry Farm,"XR2Q+7Q, Totness SA 5250, Australia",-35.049286699999996,138.83921809999998
Pineview Poultry,Poultry Farm,"240 Bowhill Rd, Burdett SA 5253, Australia",-35.0438881,139.3980527
Forest Poultry Products,Poultry Farm,"24 Provident Ave, Glynde SA 5070, Australia",-34.89470730000001,138.65451869999998
Orland poultry,Poultry Farm,"RC75+R7, Tailem Bend SA 5260, Australia",-35.1854276,139.4081382
Murbko Poultry,Poultry Farm,"QJ3X+PR, Murbko SA 5320, Australia",-34.245687,139.649563
Ceres 2 Chicken Farm,Poultry Farm,"Port Wakefield SA 5550, Australia",-34.1598766,138.1991613
Baker Poultry,Poultry Farm,"GCVW+7C, Mallala SA 5502, Australia",-34.4568362,138.4460217
Chicken Mate Farm,Poultry Farm,"Port Wakefield Rd, Dublin SA 5501, Australia",-34.4756909,138.3643031
feather&PECK pasture raised eggs,Poultry Farm,"7 Waye Ct, Willunga SA 5172, Australia",-35.267346499999995,138.54270879999999
Kapowie Poultry Service,Poultry Farm,"41 Mount Allen Rd, Allendale North SA 5373, Australia",-34.2975449,138.91614840000003
Glenellen Poultry,Poultry Farm,"W583+JF, Monarto SA 5254, Australia",-35.0834595,139.1537504
Adelaide Hills Pastured Eggs,Poultry Farm,"30 Brookman Rd, Meadows SA 5201, Australia",-35.1846603,138.7367488
Hunter poultry sa,Poultry Farm,"1665 Hunter Rd, Swan Reach SA 5354, Australia",-34.4860915,139.6275441
Poultry Portions,Poultry Farm,"26 Frew St, Adelaide SA 5000, Australia",-34.9321093,138.5990423
South Australian Poultry Association Inc.,Poultry Farm,"6 Acrylon Rd, Salisbury South SA 5106, Australia",-34.7809004,138.6416357
Hilltop Poultry,Poultry Farm,"122 Pine View Rd, Burdett SA 5253, Australia",-35.0298212,139.39201699999998
Poultry Options,Poultry Farm,"MITCHAM SQUARE, 22/119 Belair Rd, Torrens Park SA 5062, Australia",-34.975826999999995,138.609725
Free Range Broiler Chicken Farm,Poultry Farm,"48 Cawrse Rd, Mallala SA 5502, Australia",-34.474092899999995,138.44177729999998
BEAUFORT (CHICKEN FARM),Poultry Farm,"220C Wheat Rd, Beaufort SA 5550, Australia",-34.102372599999995,138.1691156
Riverlands Free Range,Poultry Farm,"MJM4+9J, Blanchetown SA 5357, Australia",-34.316562,139.60656200000003
Golden Free Range,Poultry Farm,"500 Acton Rd, Acton Park TAS 7170, Australia",-42.877527199999996,147.4814781
Dan's Poultry Farm,Poultry Farm,"162 Moriarty Rd, Latrobe TAS 7307, Australia",-41.228694,146.43462399999999
Nichols Poultry,Poultry Farm,"380 Chapel Rd, Sassafras TAS 7307, Australia",-41.2575224,146.5154987
Poultry in Motion,Poultry Farm,"67 Federal St, North Hobart TAS 7000, Australia",-42.8707663,147.31577009999998
Western Tiers Pastures,Poultry Farm,"535 Cluan Rd, Cluan TAS 7303, Australia",-41.5948691,146.8472191
Inghams,Poultry Farm,"82 Main Rd, Sorell TAS 7172, Australia",-42.7959576,147.5587584
Tassie Bird and Poultry Supplies,Poultry Farm,"38 Miandetta Dr, Margate TAS 7054, Australia",-43.0107911,147.250397
My chicken hutch,Poultry Farm,"91 Thomsons Rd, Allens Rivulet TAS 7150, Australia",-43.016905,147.1903681
Tamar Valley Pastured Eggs,Poultry Farm,"16 Lamont Rd, Glengarry TAS 7572, Australia",-41.3475597,146.86107529999998
Poultry In Motion,Poultry Farm,"Shop 7/46 S Arm Rd, Rokeby TAS 7019, Australia",-42.9016461,147.4475481
Nicholls Rivulet Organic Farm,Poultry Farm,"1557 Nicholls Rivulet Rd, Nicholls Rivulet TAS 7112, Australia",-43.1677919,147.1219873
Devonport Poultry Club,Poultry Farm,"75 Wesley Vale Rd, Wesley Vale TAS 7307, Australia",-41.1972951,146.4541738
Long Name Farm Free-Range Pork,Poultry Farm,"10560 Tasman Hwy, Little Swanport TAS 7190, Australia",-42.3320309,147.94094819999998
Bush Pig Farm,Poultry Farm,"225 Mount Hull Rd, Collinsvale TAS 7012, Australia",-42.8559328,147.1914809
Lone Goose Farm,Poultry Farm,"1410 Birralee Rd, Birralee TAS 7303, Australia",-41.4136516,146.8215933
Seedhouse Tasmania,Poultry Farm,"827 Hobart Rd, Breadalbane TAS 7258, Australia",-41.525286099999995,147.1889129
3/4 Chicken Farm,Poultry Farm,"Cambridge TAS 7170, Australia",-42.86012410000001,147.41555209999999
Inghams Kongarra Farm,Poultry Farm,"64 White Kangaroo Rd, Campania TAS 7026, Australia",-42.6834859,147.4490365
Organic AG,Poultry Farm,"10 Abrus Rd, Humpty Doo NT 0836, Australia",-12.555624,131.156762
Acacia Hills Farm,Poultry Farm,"Lot 31/120 Golding Rd, Acacia Hills NT 0822, Australia",-12.751689599999999,131.1666397
Humpty Doo Barramundi,Poultry Farm,"1105 Anzac Parade, Middle Point NT 0836, Australia",-12.554988999999999,131.3716991
Flanno's Eggs Distributors,Poultry Farm,"unit 15/16 McCourt Rd, Yarrawonga NT 0830, Australia",-12.473550399999999,130.99353209999998
Fannie Bay Meats & Poultry,Poultry Farm,"3a Fannie Bay Pl, Fannie Bay NT 0820, Australia",-12.424047000000002,130.83641799999998
Katherine Research Station,Poultry Farm,"Stuart Hwy, Katherine NT 0852, Australia",-14.4736961,132.3055077
Stockfeed Shop,Poultry Farm,"corner Berrimah rd & Stuart Hwy, Truck City - Workshop 1, Berrimah NT 0831, Australia",-12.435461499999999,130.9239815
Cheeky Chicken Hobby Farm,Chicken farm,"136 Tynan Rd, Table Top NSW 2640, Australia",-35.9697562,146.98516519999998
Carramar Poultry,Chicken farm,"Unit 1/8 Vangeli St, Arndell Park NSW 2148, Australia",-33.7905028,150.882948
Woy Woy Poultry Supplies,Chicken farm,"20 Alma Ave, Woy Woy NSW 2256, Australia",-33.5040598,151.3234593
Black on black heritage poultry,Chicken farm,"The Bucketts Way, Tinonee NSW 2430, Australia",-31.9449224,152.4311763
Pace Farm,Egg farm,"1 Kippist Ave, Minchinbury NSW 2770, Australia",-33.7825109,150.8117873
Newlay Eggs,Egg farm,"Green St, Banksmeadow NSW 2019, Australia",-33.9439694,151.21346649999998
Galea & Sons Egg Farm,Egg farm,"Egg farm Galea & Sons, 197 Eastwood Rd, Leppington NSW 2179, Australia",-33.9635865,150.7845854
The Egg Shed,Egg farm,"439 The Entrance Rd, Erina Heights NSW 2260, Australia",-33.4248335,151.4060379
Pirovic Family Farms,Egg farm,"192 Sixth Ave, Llandilo NSW 2747, Australia",-33.7051583,150.750238
Natures Free Range Eggs,Egg farm,"48 Karen Rd, Rossmore NSW 2171, Australia",-33.954775,150.76650999999998
Kangaroo Valley Pastured Eggs,Egg farm,"39 Bendeela Rd, Kangaroo Valley NSW 2577, Australia",-34.7228607,150.5183482
Farmdale Egg Farm,Egg farm,"220a Mowbray Park Rd, Lakesland NSW 2572, Australia",-34.170713899999996,150.5429537
Eggzi,Egg farm,"29-37 Dobroyd Rd, Balgowlah Heights NSW 2093, Australia",-33.8070351,151.26294199999998
Mid Coast Eggs,Egg farm,"3 Miles Dr, Herons Creek NSW 2439, Australia",-31.605239100000002,152.7268334
Pace Farm,Egg farm,"1416 George Booth Dr, Buchanan NSW 2323, Australia",-32.8455505,151.5296936
Farmer Rod's Free Range Egg Farm,Egg farm,"213 Muffets Rd, Quialigo NSW 2580, Australia",-34.9455393,149.80026569999998
Canobolas Eggs,Egg farm,"Euchareena Rd, Molong NSW 2866, Australia",-33.0810344,148.892943
Chicken Egg Farm,Egg farm,"Thompsons Creek Rd, Portland NSW 2847, Australia",-33.3882276,150.0165815
Alderley Creek Eggs,Egg farm,"38 Alderley Ln, Stroud NSW 2425, Australia",-32.446709,151.9749292
Hattam Farm,Egg farm,"2456 The Bucketts Way, Booral NSW 2425, Australia",-32.458149,151.9639636
Springfield Pastured Eggs,Egg farm,"296 Springfield Rd, Springfield NSW 3434, Australia",-33.4293958,151.36783
Grass Valley Eggs,Egg farm,"1056 Lachlan Valley Wy, Boorowa NSW 2586, Australia",-34.3511435,148.6952025
Port Stephens Eggs,Egg farm,"2316/4165 Nelson Bay Rd, Anna Bay NSW 2316, Australia",-32.7682163,152.05440729999998
Jacks Eggs,Egg farm,"11 Parker Rd, Wells Crossing NSW 2460, Australia",-29.892684499999994,153.05844109999998
Taluca Park Free Range,Egg farm,"246 Sallys Corner Rd, Exeter NSW 2579, Australia",-34.6109868,150.2590176
Majura Valley Free Range Eggs,Egg farm,"728 Majura Rd, Australian Capital Territory 2609, Australia",-35.2702817,149.195615
Hardwick Park,Egg farm,"3860 Remembrance Dr, Yanderra NSW 2574, Australia",-34.3158003,150.57661489999998
Smith's Free Range Eggs,Egg farm,"169 Old Wallendbeen Rd, Stockinbingal NSW 2725, Australia",-34.480195099999996,147.89187809999999
Farmer Jess,Broiler farm,"2684 Putty Rd, Milbrodale NSW 2330, Australia",-32.6937536,150.9981309
Grassland Poultry,Broiler farm,"1946 Twelve Mile Rd, Wellington NSW 2820, Australia",-32.4571095,149.1398609
Australia Poultry & Food Wholesalers,Broiler farm,"46 Auburn St, Wollongong NSW 2500, Australia",-34.429967399999995,150.8885756
Mill Farm Silkies,Broiler farm,"303 Mill Rd, Kurrajong NSW 2758, Australia",-33.5404268,150.6572631
"Pdmb Poultry, Hatchery, Rabbit Breeding",Broiler farm,"931 Richardson Rd, Campvale NSW 2318, Australia",-32.7651757,151.84525779999998
Hatching Chicks,Hatchery,"8A Marcus Pl, Frenchs Forest NSW 2086, Australia",-33.7455494,151.21462549999998
Dutton Trout Hatchery,Hatchery,"Point Lookout Rd, Ebor NSW 2453, Australia",-30.4766674,152.3212006
Pine Creek Fish Hatchery PTY LTD,Hatchery,"606 Pine Creek Way, Bonville NSW 2450, Australia",-30.394720999999997,153.031334
Cheep & Quack Hatchery,Hatchery,"6201 Waterfall Way, Dorrigo NSW 2453, Australia",-30.366590199999997,152.5492344
AusKoi Fish Farm,Hatchery,"83 Jersey Rd, Bringelly NSW 2556, Australia",-33.948734,150.75227300000003
Narrabri Fish Farm,Hatchery,"261 Tuppiari Rd, Jacks Creek NSW 2390, Australia",-30.4137321,149.7880308
Searle Aquaculture,Hatchery,"255 School Rd, Palmers Island NSW 2463, Australia",-29.3968736,153.28584229999998
Triton Trout Farm,Hatchery,"Goobarragandra NSW 2720, Australia",-35.345519599999996,148.3970778
Gaden Trout Hatchery,Hatchery,"Gaden Trout Hatchery, 224 Gaden Rd, Jindabyne NSW 2627, Australia",-36.3761641,148.576865
Murray Cod Hatcheries,Hatchery,"3680 Sturt Hwy, Wagga Wagga NSW 2650, Australia",-35.1403064,147.44474019999998
Hambly Fish Hatchery.,Hatchery,"161 Carlyle Rd, Kundabung NSW 2441, Australia",-31.196033199999995,152.8309198
Aquablue Seafoods,Hatchery,"302 Pindimar Rd, Tea Gardens NSW 2324, Australia",-32.6319456,152.08456010000003
Multiquip,Hatchery,"205 Picton Rd, Buxton NSW 2571, Australia",-34.1894833,150.6318126
Aviagen,Hatchery,"9 Tait Cres, Goulburn NSW 2580, Australia",-34.7725334,149.7005
River Stone Fish Farm,Hatchery,"Shed, E14, Clydesdale La, Richmond NSW 2753, Australia",-33.6180956,150.7481167
Uarah Fisheries,Hatchery,"2738 Old Wagga Rd, Grong Grong NSW 2652, Australia",-34.8184111,146.8062587
Arc-en-Ciel Trout Hatchery,Hatchery,"Hanging Rock NSW 2340, Australia",-31.552891799999998,151.1796953
Hatchery Bay,Hatchery,"Lake Jindabyne, Jindabyne NSW 2627, Australia",-36.387106599999996,148.6073499
Poultry Research Foundation,Hatchery,"425 Werombi Rd, Brownlow Hill NSW 2570, Australia",-34.0320454,150.65737249999998
Pace Farms,Hatchery,"Ridleys Ln, West Wyalong NSW 2671, Australia",-33.8628273,147.16655849999998
Jamberoo Aquaculture,Hatchery,"28 Croome Vale Rd, Jamberoo NSW 2533, Australia",-34.612212899999996,150.7906347
Pepe's Ducks,Hatchery,"17 Walker St, South Windsor NSW 2756, Australia",-33.6222816,150.8092915
"Golden Ridge Animal Farm, Sydney mobile farm",Hatchery,"686 Old Northern Rd, Dural NSW 2158, Australia",-33.6685738,151.0246405
Baiada Country Road Hatchery,Hatchery,"21 Byrnes Ave, Tamworth NSW 2340, Australia",-31.0998295,150.8676331
Ballarat Fish Hatchery,Hatchery,"80 Gillies St N, Lake Wendouree VIC 3350, Australia",-37.550240699999996,143.8204635
Talking Hens,Chicken farm,"3590 Frankston - Flinders Rd, Merricks VIC 3916, Australia",-38.400501,145.079609
Baiada Poultry,Chicken farm,"17-19 Pipe Rd, Laverton North VIC 3026, Australia",-37.8207053,144.8160944
Nobby's Perfect Poultry,Chicken farm,"974 Heatherton Rd, Endeavour Hills VIC 3802, Australia",-37.9768287,145.25948359999998
Kinross Farm,Chicken farm,"2110 Whittlesea-Yea Rd, Kinglake West VIC 3757, Australia",-37.416914,145.27576299999998
The Poultry Club,Chicken farm,"Moonee Ponds VIC 3039, Australia",-37.7647684,144.9223572
CHEEKY LITTLE CHICKS,Chicken farm,"1967 Strathfieldsaye Rd, Eppalock VIC 3551, Australia",-36.8328296,144.4648956
Rebel Chickens and Kinita Horse Agistment,Chicken farm,"350 Portreath Rd, Paraparap VIC 3240, Australia",-38.3306559,144.1801247
Natural Poultry,Chicken farm,"850 Plenty Rd, Reservoir VIC 3073, Australia",-37.7252712,145.0283732
Kinross Farm,Chicken farm,"1 Latitude Blvd, Thomastown VIC 3074, Australia",-37.682755,145.0165695
Milawa Free Range Poultry,Chicken farm,"15 Davison Pl, South Yarra VIC 3141, Australia",-37.8420968,144.9946788
Sale Fresh Poultry,Chicken farm,"391 Raymond St, Sale VIC 3850, Australia",-38.104973199999996,147.0652198
Limnos Poultry,Chicken farm,"109-111 Craig Rd, Devon Meadows VIC 3977, Australia",-38.1605875,145.2881145
Inghams Charlton Breeder Farm,Chicken farm,"59 Plumpton Rd, Charlton VIC 3525, Australia",-36.2788815,143.3106967
Master Poultry Group,Chicken farm,"1/7 Whitely Parade, West Footscray VIC 3012, Australia",-37.811195399999995,144.8635818
Chicken Coops in Warburton- Victoria (formerly Chicken Coops in Avonsleigh),Chicken farm,"17 Blackwood Rd, East Warburton VIC 3799, Australia",-37.743116,145.7396389
J&N Fresh Poultry,Chicken farm,"2 Clarendon St, Thornbury VIC 3071, Australia",-37.75985,145.00095299999998
Greenhills Poultry Farm,Chicken farm,"220 Murray Rd, Cora Lynn VIC 3814, Australia",-38.154963699999996,145.6182725
Somerville Egg Farm,Egg farm,"220 Eramosa Rd W, Moorooduc VIC 3933, Australia",-38.2162953,145.1386605
Egg Farm,Egg farm,"270 Potts Rd, Skye VIC 3977, Australia",-38.119682,145.20327039999998
Doreen Egg Farm,Egg farm,"60 Doctors Gully Rd, Doreen VIC 3754, Australia",-37.6074,145.145545
LT's Egg Farm & Country Produce,Egg farm,"1 K Avenue, Werribee South VIC 3030, Australia",-37.931733,144.677141
Eggs Direct Melbourne,Egg farm,"Bentleigh VIC 3204, Australia",-37.9188435,145.0417166
WesEggs,Egg farm,"2174 Steiglitz Rd, Maude VIC 3331, Australia",-37.917864,144.175655
Gippsland Free Range Eggs,Egg farm,"657 Hendersons Rd, Toongabbie VIC 3856, Australia",-38.087951,146.6929398
"Josh's Rainbow Eggs | Truly Free Range, Ethical & Sustainable Eggs",Egg farm,"43 Chintin Rd, Monegeetta VIC 3433, Australia",-37.4076826,144.75435389999998
Caravan Eggs,Egg farm,"1397 Woorndoo-Darlington Rd, Dundonnell VIC 3271, Australia",-37.9749039,142.9375759
The Eggporium,Egg farm,"513 Queen Victoria Square, Melbourne VIC 3000, Australia",-37.807184299999996,144.9578173
Moorabool Valley Eggs Pty Ltd,Egg farm,"10 Taylor Rd, Meredith VIC 3333, Australia",-37.9030456,144.0930328
LaTrobe Valley Farm Fresh. Lyndale Poultry Farm,Egg farm,"2 Old Melbourne Rd, Morwell VIC 3840, Australia",-38.2016827,146.419931
White Swan Free Range Eggs / Farm Gate Shop,Egg farm,"240 White Swan Rd, Invermay VIC 3352, Australia",-37.5218074,143.8932859
Honest Eggs Co. (Packing Shed),Egg farm,"57 Leitches Creek Rd, Daylesford VIC 3460, Australia",-37.3439598,144.1834833
Little Yarra Free Range Eggs,Egg farm,"150 Doon Rd, Launching Place VIC 3139, Australia",-37.7729897,145.6039998
Sth Gippsland Eggs,Egg farm,"100 Devon Rd, Devon Meadows VIC 3997, Australia",-38.1482878,145.3021158
Harmony Eggs| Free Range Eggs | Delivered to your door daily| Sourced from local Victorian farms.,Egg farm,"55 Produce Dr, Epping VIC 3076, Australia",-37.6529813,144.997459
Creswick Open Range Farm,Egg farm,"105 Wrigleys Rd, Creswick North VIC 3363, Australia",-37.382477,143.8752853
Daily Fresh Eggs,Egg farm,"295 Kettles Rd, Lang Lang VIC 3984, Australia",-38.2910316,145.57213439999998
O&F Vittas Egg Farm,Egg farm,"74 Soldiers Rd, Pakenham South VIC 3810, Australia",-38.1346421,145.4886512
Pace Farm,Egg farm,"96 Capital Link Dr, Campbellfield VIC 3061, Australia",-37.652035999999995,144.957276
Keans Free Range Eggs,Egg farm,"17 Trantara Ct, East Bendigo VIC 3550, Australia",-36.7475333,144.31360340000003
Tamarix Keysborough - Chapel Road Eggs,Egg farm,"5B Leonard Ave, Noble Park VIC 3174, Australia",-37.968153799999996,145.1760793
Lil's Yolky Dokey Eggs,Egg farm,"410 White Hill Rd, Dromana VIC 3936, Australia",-38.3337521,145.0083894
KOSSIES FREE RANGE EGGS,Egg farm,"114 Dears Ln, Stonehaven VIC 3218, Australia",-38.138579,144.244473
Bridgewater Estate Eggs,Egg farm,"41 Fantasy Rd, Bridgewater VIC 3516, Australia",-36.618181299999996,143.9547489
Farm Fresh Delivery - Free Range | Pasture - raised Eggs,Egg farm,"561 Holden Rd, Plumpton VIC 3336, Australia",-37.6590998,144.70793
Fyfe Family Eggs,Egg farm,"Unit 4/122 Gardenvale Rd, Gardenvale VIC 3185, Australia",-37.897445999999995,145.0066349
Greg’s Farm,Egg farm,"1433 Melton Hwy, Bonnie Brook VIC 3335, Australia",-37.685496199999996,144.6770269
Abundance Farm,Egg farm,"11 Ditchfields Rd, Raglan VIC 3373, Australia",-37.3396652,143.3102181
Greta Valley Free Range Eggs,Egg farm,"Wangaratta North East Victoria, Lurg VIC 3673, Australia",-36.5828157,146.1623601
West Walla Farm,Egg farm,"566 Walla W Rd, Walla Walla NSW 2659, Australia",-35.7602359,146.8427087
Bacchus Marsh & Melton Poultry Club inc,Broiler farm,"Bacchus Marsh-Balliang Rd, Maddingley VIC 3340, Australia",-37.6980729,144.4023848
THE POULTRY VET,Broiler farm,"6 Murray St, Brighton East VIC 3187, Australia",-37.9060701,145.0237631
Topline Farm Fresh Chicken,Broiler farm,"2/11 Lindaway Pl, Tullamarine VIC 3043, Australia",-37.702814,144.886125
Nevas Farm,Broiler farm,"766 Greigs Rd, Thornhill Park VIC 3335, Australia",-37.7418686,144.626722
Arcadia Native Fish Hatchery Visitor Centre & Giant Murray Cod,Hatchery,"200 Ross Rd, Arcadia VIC 3631, Australia",-36.5259078,145.34877269999998
Australian Rainbow Trout Farm,Hatchery,"26 Mulhalls Rd, Macclesfield VIC 3782, Australia",-37.88182,145.45447099999998
Alpine Trout Farm,Hatchery,"115 Mt Baw Baw Tourist Rd, Piedmont VIC 3833, Australia",-37.8990406,145.9696019
Victorian Shellfish Hatchery,Hatchery,"2A Bellarine Hwy, Queenscliff VIC 3225, Australia",-38.2704653,144.6372231
Buxton Trout & Salmon Farm,Hatchery,"2118 Maroondah Hwy, Buxton VIC 3711, Australia",-37.4281256,145.7050942
MainStream Aquaculture,Hatchery,"73-79 Lock Ave, Werribee VIC 3030, Australia",-37.9156362,144.66334569999998
Cripps Family Seafood & Farm,Hatchery,"151 Moorooduc Hwy, Baxter VIC 3911, Australia",-38.2017957,145.12702480000002
FarmTronics Australia,Hatchery,"Factory 4/1 George Ave, Tyabb VIC 3913, Australia",-38.2595151,145.180783
S.B.A.,Hatchery,"132 Railway Rd, Rochester VIC 3561, Australia",-36.3811706,144.684673
Bundarra Tropical Fish Farm,Hatchery,"70 Coop Rd, Pakenham VIC 3810, Australia",-38.101887,145.522131
Glenwaters Native Fish,Hatchery,"21 Murtaghs Ln, King Valley VIC 3678, Australia",-36.6979638,146.4109049
Ocean Road Abalone | Southern Ocean Mariculture,Hatchery,"2891 Princes Hwy, Port Fairy VIC 3284, Australia",-38.3898827,142.1778342
Australian Fish Sales,Hatchery,"4 Berkley Rise, South Morang VIC 3752, Australia",-37.622491,145.071598
Fish Hatchery,Hatchery,"Fish Hatchery, Boolarra VIC 3870, Australia",-38.3644228,146.2841166
SeaGen Aquaculture,Hatchery,"10 Beach Cres, Newhaven VIC 3925, Australia",-38.5159357,145.36290169999998
Victorian Fisheries Authority,Hatchery,"1 Spring St, Melbourne VIC 3068, Australia",-37.8151647,144.9743793
Deutscher's Turkey Farm,Hatchery,"5828 Western Hwy, Dadswells Bridge VIC 3385, Australia",-36.916212,142.518732
Piggy's Haven Poultry,Chicken farm,"Tara Kogan Rd, Tara QLD 4421, Australia",-27.155891399999998,150.6113021
Sunny Queen Australia,Egg farm,"145 Mica St, Carole Park QLD 4300, Australia",-27.6106777,152.92390440000003
Elimbah Nadra Farm Fresh Cageless Eggs,Egg farm,"195-235 Mansfield Rd, Elimbah QLD 4516, Australia",-27.026084899999997,152.9569884
Stockman's Eggs,Egg farm,"588 Tolga Rd, Kairi QLD 4872, Australia",-17.2174224,145.5295045
Tin Shed Farm,Egg farm,"McCarthy Shute Rd, Crohamhurst QLD 4519, Australia",-26.804789000000003,152.85196349999998
Lower Mountain Pasture Raised Eggs,Egg farm,"251 Lower Mountain Rd, Dundowran QLD 4655, Australia",-25.3006876,152.7799722
Peacefield Egg Farm,Egg farm,"JPQ6+C3, Gumlow QLD 4815, Australia",-19.3614161,146.71016849999998
Williams Eggs,Egg farm,"344 Canningvale Rd, Leslie QLD 4370, Australia",-28.2454127,152.06257829999998
Echo Valley Farm,Egg farm,"157 Forest Springs Goomburra Rd, Goomburra QLD 4362, Australia",-28.032273200000002,152.105917
McLean Farms,Egg farm,"Pittsworth QLD 4356, Australia",-27.713545,151.651852
Market Egg Supplies,Egg farm,"385 Sherwood Rd, Rocklea QLD 4106, Australia",-27.5342383,153.00396920000003
Woodlands Broiler Farm 13,Broiler farm,"Beerburrum Donnybrook Rd, Beerburrum QLD 4517, Australia",-26.984480899999998,153.0007124
Woodlands Broiler Farm 8,Broiler farm,"Barrs Rd, Glass House Mountains QLD 4518, Australia",-26.9136132,152.95241120000003
Woodlands Broiler Farm 5,Broiler farm,"Fraser Rd, Beerwah QLD 4519, Australia",-26.834008599999997,152.972238
Bond Enterprises,Broiler farm,"303 Grantham Scrub Rd, Veradilla QLD 4347, Australia",-27.593882899999997,152.17207019999998
Mayfield Poultry,Broiler farm,"1509 Pine Mountain Rd, Wanora QLD 4306, Australia",-27.500508999999997,152.6788001
AquaVerde Redclaw Hatchery and Farm,Hatchery,"39 Blue Gum Rd, Carrington QLD 4883, Australia",-17.3090393,145.4593439
Hanwood Fish Hatchery,Hatchery,"323 Redgate Road, Redgate QLD 4605, Australia",-26.2576285,152.0122351
Cherax Park Aquaculture,Hatchery,"694 Kanyan Rd, Theebine QLD 4570, Australia",-25.926921,152.5455256
Rocky Point Aquaculture,Hatchery,"Rocky Point Rd, Woongoolba QLD 4207, Australia",-27.7242258,153.3352844
Greenacres Aquaculture,Hatchery,"Q9Q2+35, Abington QLD 4660, Australia",-25.2123125,152.35314119999998
Aquaculture Gladstone,Hatchery,"Awoonga Dam Rd, Benaraby QLD 4680, Australia",-24.0661961,151.30809739999998
Barramundi Gardens,Hatchery,"1832 Mossman Mount Molloy Rd, Julatten QLD 4871, Australia",-16.5861512,145.3381724
Pacific Reef Fisheries PTY Ltd.,Hatchery,"1 Trent Rd, Ayr QLD 4807, Australia",-19.4923577,147.48638409999998
Aussie Fish Aquatics Pty Ltd,Hatchery,"741 Sims Rd, Abington QLD 4660, Australia",-25.225004799999997,152.3649843
Les Wilson Barramundi Discovery Centre,Hatchery,"149 Yappar St, Karumba QLD 4891, Australia",-17.5025326,140.8262435
Condabilla Fish,Hatchery,"4412 Kogan Condamine Road Chinchilla, Crossroads QLD 4413, Australia",-26.867223799999998,150.3786278
Daintree Saltwater Barramundi Fish Farms,Hatchery,"LOT 3 Vixies Rd, Wonga Beach QLD 4873, Australia",-16.3295739,145.4093917
Jungle Creek Aquaculture,Hatchery,"34 Old Palmerston Hwy, Innisfail QLD 4860, Australia",-17.5701049,145.9094196
Redgate Fish Farm,Hatchery,"1135 Murgon Barambah Rd, Moffatdale QLD 4605, Australia",-26.315423,152.0289537
Sunshine Coast Crayfish Producers,Hatchery,"91 Toolborough Rd, Yandina Creek QLD 4561, Australia",-26.53586,153.031632
Aquaculture Hatchery,Hatchery,"Aquaculture Hatchery, Abington QLD 4660, Australia",-25.194079,152.3220485
Fish Hatchery,Hatchery,"Fish Hatchery, Ningi QLD 4511, Australia",-27.0557911,153.0771292
B & E Poultry,Hatchery,"94 Burnside Rd, Ormeau QLD 4208, Australia",-27.751242299999998,153.2483026
Crosilva Poultry Farm,Chicken farm,"255 Midland Rd, Hazelmere WA 6055, Australia",-31.9259989,116.01946939999999
The Little Chicken Farm,Chicken farm,"100 Kalimna Way, Bannister WA 6390, Australia",-32.7764974,116.4752717
Proten Poultry Farm,Chicken farm,"478 Henderson Rd, Hopeland WA 6125, Australia",-32.4047285,115.900632
The Locke View Poultry Zoo,Chicken farm,"61 Locke View, Bedfordale WA 6112, Australia",-32.1479935,116.03626100000001
Poss's Farm,Chicken farm,"Old Coast Rd, Australind WA 6233, Australia",-33.253934099999995,115.7254158
Redmonds Poultry farm,Chicken farm,"149 Punrak Rd, Serpentine WA 6125, Australia",-32.375354,115.9248953
Comps Poultry and Birds,Chicken farm,"73 Farrall Rd, Midvale WA 6056, Australia",-31.8875202,116.03296130000001
Southampton Homestead,Chicken farm,"LOT 82 Southampton Rd, Southampton WA 6253, Australia",-33.8878735,115.97228829999999
Baiada,Chicken farm,"116 Howe St, Osborne Park WA 6017, Australia",-31.9101803,115.8180519
Mt Barker Free Range Chicken,Chicken farm,"2 Alumina Rd, East Rockingham WA 6168, Australia",-32.2651896,115.76019830000001
Peter's Poultry,Chicken farm,"61 Dellamarta Rd, Wangara WA 6065, Australia",-31.789331799999996,115.8266989
Morley Fish & Poultry Wholesalers,Chicken farm,"238 Walter Rd W, Morley WA 6062, Australia",-31.896266999999998,115.896138
Kiri Park Farm,Chicken farm,"Hunter Rd, Regans Ford WA 6503, Australia",-30.9756802,115.69171639999999
Fremantle Egg Company,Egg farm,"357 Russell Rd, Munster WA 6166, Australia",-32.153189999999995,115.80248999999999
Swan Valley Egg Farm,Egg farm,"60 Cheltenham St, Bennett Springs WA 6063, Australia",-31.850604999999998,115.9615707
Forrestdale Farm Fresh Eggs,Egg farm,"588 Nicholson Rd, Forrestdale WA 6112, Australia",-32.164743800000004,115.92181039999998
Golden Eggs,Egg farm,"116 Sultana Rd W, High Wycombe WA 6057, Australia",-31.961309399999998,116.0011444
Little Farm Eggs,Egg farm,"Pingelly WA 6308, Australia",-32.543278,117.0895741
Margaret River Free Range Eggs,Egg farm,"1432 Rosa Brook Rd, Rosa Brook WA 6285, Australia",-33.943011999999996,115.21763399999999
Albany Farm Fresh Eggs,Egg farm,"35010 Albany Hwy, Redmond WA 6327, Australia",-34.891058,117.77439600000001
Eggs 'R' Us,Egg farm,"217 Gnangara Rd, Wangara WA 6065, Australia",-31.8005588,115.84120490000001
AAA Egg Company,Egg farm,"2524 Gingin Brook Rd, Neergabby WA 6503, Australia",-31.298268300000004,115.6168296
Chook eggs,Egg farm,"615 Gingin Brook Rd, Muckenburra WA 6503, Australia",-31.318550799999997,115.80521850000001
Eggs Eggs Eggs,Egg farm,"Unit 4/13 Durham Rd, Bayswater WA 6053, Australia",-31.917751100000004,115.920329
The Natural Circle,Egg farm,"2169 S Western Hwy, Jarrahdale WA 6125, Australia",-32.3398422,116.0031834
Little Creek Pastured Eggs,Egg farm,"21 Black Wattle Rd, Dewars Pool WA 6567, Australia",-31.452189999999998,116.39425999999999
Black Stump Farm Pastured Eggs,Egg farm,"Boyup Brook WA 6244, Australia",-33.8328987,116.38838389999998
Busselton Egg Company,Egg farm,"12 Scotts Rd, Ludlow WA 6280, Australia",-33.6229923,115.48367429999999
Toby's Eggs,Egg farm,"98 E Churchill Ave, Beeliar WA 6164, Australia",-32.134233699999996,115.79769879999999
The Commercial Egg Producers Association of Western Australia (Inc),Egg farm,"11 Jarrah Ln, Mount Claremont WA 6010, Australia",-31.968462199999998,115.7928118
Days Eggs,Egg farm,"61 Gawler Rd, Lewiston SA 5501, Australia",-34.590963099999996,138.5681793
Boyanup Free Range Eggs,Egg farm,"124 Brookdale Rd, North Boyanup WA 6237, Australia",-33.458374299999996,115.7105235
One Arm Point Trochus Hatchery and Aquarium,Hatchery,"H37G+46 Ardyaloon, Western Australia, Dampier Peninsula WA 6725, Australia",-16.4368672,123.0753279
Albany Shellfish Hatchery,Hatchery,"Murray Rd, Torndirrup WA 6330, Australia",-35.0971188,117.9624755
Chapman Valley Fishing Park,Hatchery,"388 Hickety Rd, Nabawa WA 6532, Australia",-28.5179844,114.70938149999999
Woodvale Fish & Lily Farm,Hatchery,"26 Woodvale Dr, Woodvale WA 6026, Australia",-31.7859786,115.80718619999999
Blue Ridge Marron,Hatchery,"323 Mitchelldean Rd, Yanmah WA 6258, Australia",-34.2060381,116.0167254
Albany Bell Hatchery,Hatchery,"90 Guildford Rd, Mount Lawley WA 6050, Australia",-31.93472,115.88558999999998
Hatchery Feeding System,Hatchery,"27 Korella St, Mullaloo WA 6027, Australia",-31.778138400000003,115.7368434
Wallace River Hatchery,Hatchery,"14418 383rd Ave SE, Sultan, WA 98294, USA",47.8673752,-121.7173785
Hillcroft Farms,Hatchery,"1561 Yornaning Rd, Lol Gray WA 6311, Australia",-32.7475259,116.99310749999998
Department of Primary Industries and Regional Development,Hatchery,"3 Baron-Hay Ct, South Perth WA 6151, Australia",-31.988460500000002,115.8846608
Willie Creek Pearl Farm,Hatchery,"Willie Creek Pearl Farm, Waterbank WA 6725, Australia",-17.761086199999998,122.2144464
Agia Skepi,Hatchery,"287 Chittering Valley Rd, Lower Chittering WA 6084, Australia",-31.566675900000003,116.12534790000001
888 Abalone,Hatchery,"White Trail Rd, Bremer Bay WA 6338, Australia",-34.419644999999996,119.38917000000001
Hatchery Collective Bar & Grill,Hatchery,"Terminal 4, Level One, Perth Airport WA 6105, Australia",-31.9333494,115.96122709999997
Spokane Hatchery,Hatchery,"2927 W Waikiki Rd, Spokane, WA 99208, USA",47.765679999999996,-117.4620946
Dungeness Hatchery,Hatchery,"1261 Fish Hatchery Rd, Sequim, WA 98382, USA",48.0282023,-123.14066039999997
Hoodsport Hatchery Area,Hatchery,"24350 US-101, Hoodsport, WA 98548, USA",47.4070396,-123.1399536
Department of Primary Industries and Regional Development - Fisheries.,Hatchery,"39 Northside Dr, Hillarys WA 6025, Australia",-31.8204109,115.73909379999999
Kendall Creek Hatchery,Hatchery,"Hatchery Rd, Deming, WA 98244, USA",48.8976288,-122.1425414
Stockfeed West Sawyers Valley,Hatchery,"465 Stonehouse Loop, Sawyers Valley WA 6074, Australia",-31.888719799999993,116.23544240000001
Samish Hatchery,Hatchery,"5585 Old Hwy 99 N, Burlington, WA 98233, USA",48.564995,-122.332278
Green Duck Farm,Hatchery,"Sheoak Rd, Hastings WA 6308, Australia",-32.5581607,116.74830229999999
Pemberton Freshwater Research Centre,Hatchery,"Pump Hill Rd, Channybearup WA 6260, Australia",-34.4426048,116.02562640000001
"Days Eggs ,,,Devon Road Farm",Egg farm,"253 Hart Rd, Lower Light SA 5501, Australia",-34.5659603,138.44272669999998
The Fresh Egg Shop,Egg farm,"72 O G Rd, Klemzig SA 5087, Australia",-34.8811311,138.6364768
Rohde's Free Range Eggs,Egg farm,"Ruradene Rd, Tarlee SA 5411, Australia",-34.3031734,138.75294689999998
Hampel Poultry Farm 7-9,Broiler farm,"Unnamed Road, Brinkley SA 5253, Australia",-35.1921578,139.2977676
Inghams Hatchery,Hatchery,"147 Ferries McDonald Rd, Monarto South SA 5254, Australia",-35.1315917,139.1309051
Eyre Shellfish,Hatchery,"9 Beach Rd, Cowell SA 5602, Australia",-33.7169853,136.9025523
Houghton Hills Goldfish and Waterlily Farm,Hatchery,"87 Murphy Rd, Houghton SA 5131, Australia",-34.839,138.761228
SAFFA Trout Hatchery,Hatchery,"Pipeline Track, Millbrook SA 5231, Australia",-34.8341451,138.8082135
Yumbah Aquaculture,Hatchery,"Suite 2/Level 2/69 Fullarton Rd, Kent Town SA 5067, Australia",-34.9253865,138.62307479999998
Ikasi Gardens,Hatchery,"81 Willis Rd, Flaxley SA 5153, Australia",-35.1358748,138.8333152
Hexcyl Systems Pty Ltd | Oyster Baskets | Shellfish Baskets,Hatchery,"37 Thiselton Way, Denial Bay SA 5690, Australia",-32.0896262,133.5830734
Robarra,Hatchery,"28/32 Morgan St, Wingfield SA 5013, Australia",-34.847446,138.55882699999998
Robarra,Hatchery,"2 Hamra Ave, West Beach SA 5024, Australia",-34.9530938,138.5061524
Premium Fresh,Chicken farm,"199 Forthside Rd, Forth TAS 7310, Australia",-41.2094119,146.2728165
Shakespeare Hills Eggs,Egg farm,"1414 Mawbanna Rd, Mawbanna TAS 7321, Australia",-40.954727399999996,145.3592424
Pure Foods Eggs,Egg farm,"6/16 Fawkner Ave, Kings Meadows TAS 7249, Australia",-41.4702443,147.1604107
Tasmanian Egg Farms,Egg farm,"Moonah TAS 7009, Australia",-42.8473559,147.2996257
Coal River Farm,Egg farm,"634 Richmond Rd, Cambridge TAS 7170, Australia",-42.803131099999995,147.4224901
Carinya Farm Holiday Retreat,Egg farm,"63 Staverton Rd, Roland TAS 7306, Australia",-41.4049531,146.2446852
Guide Falls Farm,Egg farm,"309 W Ridgley Rd, West Ridgley TAS 7320, Australia",-41.1542179,145.79890609999998
Ravens Nest Tasmania,Egg farm,"8731 Lyell Hwy, Black Bobs Rd, Ouse TAS 7140, Australia",-42.377071199999996,146.5740483
Rookery Creek,Egg farm,"832 Rookery Rd, Winkleigh TAS 7275, Australia",-41.2786019,146.83266
Hazelbrae Hazelnuts,Broiler farm,"127 Hagley Station Ln, Hagley TAS 7292, Australia",-41.5494197,146.9090711
Rookwood Salmon Hatchery,Hatchery,"37 Rookwood Rd, Ranelagh TAS 7109, Australia",-43.017348899999995,146.9926333
Salmon Ponds,Hatchery,"20-70 Salmon Ponds Rd, Plenty TAS 7140, Australia",-42.7528231,146.96972409999998
Tasmanian Oyster Co,Hatchery,"shop 5 level 1/31 Cambridge Rd, Bellerive TAS 7018, Australia",-42.874763699999995,147.3682854
Tassal Strahan,Hatchery,"160 Smiths Cove Road, Strahan TAS 7468, Australia",-42.1746945,145.3093768
Salmon Enterprises of Tasmania,Hatchery,"289 Wayatinah Rd, Wayatinah TAS 7140, Australia",-42.394374899999995,146.49283699999998
Huon Aquaculture,Hatchery,"1007 Esperance Coast Rd, Dover TAS 7117, Australia",-43.266774,147.0721451
Berried in Tas Pty Ltd,Hatchery,"470 Oaks Rd, Carrick TAS 7291, Australia",-41.5695871,146.9784583
Redback Farm,Hatchery,"3H49+2G, Sisters Creek TAS 7325, Australia",-40.944992899999995,145.56883159999998
Hatchery Shore,Hatchery,"Hatchery Shore, Lake Sorell TAS 7030, Australia",-42.07000000000001,147.18
Farmer Brown's Free Range Eggs Honesty Booth,Chicken farm,"7 Gladstone St, Hall ACT 2618, Australia",-35.1714512,149.06956209999998
Amberly Farm,Chicken farm,"325 Kambah Pool Rd, Kambah ACT 2902, Australia",-35.3928677,149.0283384
Tom's Poultry,Chicken farm,"31 Isa St, Fyshwick ACT 2609, Australia",-35.3260624,149.17238319999998
Chicken Coop,Chicken farm,"15 Market St, Belconnen ACT 2617, Australia",-35.2452162,149.0657859
Pace farm - Parkwood,Chicken farm,"266 Parkwood Rd, MacGregor ACT 2615, Australia",-35.2058964,148.9883516
Canberra Queanbeyan Poultry Club,Chicken farm,"Queanbeyan East NSW 2620, Australia",-35.3451811,149.24588
Gibbs Farm Centre,Chicken farm,"5/7 Kendall Ave, Crestwood NSW 2620, Australia",-35.344343099999996,149.2134326
Happy Pastures,Chicken farm,"36 Mildura St, Fyshwick ACT 2609, Australia",-35.3237679,149.1545286
Long Paddock Eggs,Chicken farm,"400 Joe Rocks Rd, Bungendore NSW 2621, Australia",-35.2556465,149.3901821
Canberra Halal Meat and Poultry,Chicken farm,"Soward Way, Greenway ACT 2900, Australia",-35.417832499999996,149.06742029999998
Petstock Country Brindabella,Chicken farm,"2 Johns Pl, Hume ACT 2620, Australia",-35.3890525,149.1707165
Baba G's Farm Quality Pet and Stock Feed,Chicken farm,"Shop 9/6 Farr Pl, Isaacs ACT 2607, Australia",-35.3678546,149.1117745
The Truffle Farm Canberra,Chicken farm,"23 Mount Majura Rd, Australian Capital Territory 2609, Australia",-35.222829,149.19395799999998
Mulligans Flat Farm bumnuts,Chicken farm,"327 Mulligans Flat Rd, Sutton NSW 2620, Australia",-35.1247076,149.21734640000003
Beltana Farm,Chicken farm,"14 Beltana Rd, Pialligo ACT 2609, Australia",-35.307329300000006,149.1807925
Powells Stockfeeds,Chicken farm,"42-44 Colbee Ct, Phillip ACT 2606, Australia",-35.3529961,149.0870143
Little Oak Sanctuary Incorporated,Chicken farm,"7778 Kings Hwy, Manar NSW 2622, Australia",-35.3064113,149.71509039999998
Centrefarm,Chicken farm,"75 Hartley St, Alice Springs NT 0871, Australia",-23.7025831,133.8793796
Athelle Outback Hideaway,Chicken farm,"Cavenagh Rd, Anmatjere NT 0872, Australia",-22.4436049,133.6356609
Ti Tree Food Barn and Accommodation,Chicken farm,"26 Spencer St, Ti Tree NT 0872, Australia",-22.128380999999997,133.41332119999998
Saddleworld NT,Chicken farm,"20/460 Stuart Hwy, Coolalinga NT 0835, Australia",-12.524280599999999,131.0423021
NT Quail Mango Farm,Egg farm,"2180 Arnhem Hwy, Lambells Lagoon NT 0822, Australia",-12.6090988,131.26652679999998
Top End Feather & Egg,Egg farm,"28 Carroll Rd, Howard Springs NT 0835, Australia",-12.5045644,131.06250920000002
Hill Farm NT,Egg farm,"670 Strangways Rd, Humpty Doo NT 0836, Australia",-12.5855002,131.1353868
Darwin Aquaculture Centre,Hatchery,"1840 Channel Island Rd, Channel Island NT 0822, Australia",-12.556790999999999,130.8628177
